{
    "train_pred": [
        3.1519558429718018,
        1.0737444162368774,
        1.3673644065856934,
        0.8797166347503662
    ],
    "test_pred": [
        0.7938179969787598,
        1.6698477268218994
    ]
}