Actual,Predicted
7772.0,3.1519558
0.0,1.0737444
0.0,1.3673644
0.0,0.87971663
