Actual,Predicted
7772.0,0.28143033
0.0,0.28143033
0.0,0.28143033
0.0,0.28143033
