{
    "train_predictions": [
        0.28143033385276794,
        0.28143033385276794,
        0.28143033385276794,
        0.28143033385276794
    ],
    "test_predictions": [
        0.28143033385276794,
        0.2821177542209625
    ]
}