{
    "train_predictions": [
        0.5573046803474426,
        0.13235099613666534,
        0.3042905926704407,
        0.09225744009017944
    ],
    "test_predictions": [
        0.08840565383434296,
        0.21365705132484436
    ]
}