Actual,Predicted
7772.0,0.5573047
0.0,0.132351
0.0,0.3042906
0.0,0.09225744
